Date,진보_합계,보수_합계,중도_합계,더불어민주당,조국혁신당,정의당계,기타진보,국민의힘,개혁신당,새로운미래,국민의당,태도유보
2020년 09월 3주,43,27,30,36,0,7,0,27,0,0,0,30
2020년 10월 2주,41,21,38,35,0,6,0,21,0,0,0,38
2020년 10월 4주,40,21,39,35,0,5,0,21,0,0,0,39
2020년 11월 1주,43,20,37,36,0,7,0,20,0,0,0,37
2020년 11월 3주,42,22,36,35,0,7,0,22,0,0,0,36
2020년 12월 1주,41,22,37,34,0,7,0,22,0,0,0,37
2020년 12월 3주,39,22,30,34,0,5,0,22,0,0,0,30
2021년 01월 1주,41,23,26,35,0,6,0,23,0,0,0,26
2021년 01월 3주,41,21,29,35,0,6,0,21,0,0,0,29
2021년 02월 1주,43,20,37,34,0,4,5,20,0,0,4,33
2021년 02월 3주,39,23,30,34,0,5,0,23,0,0,5,25
2021년 02월 4주,40,20,36,35,0,5,0,20,0,0,4,32
2021년 03월 1주,40,21,34,34,0,6,0,21,0,0,4,30
2021년 03월 2주,36,26,34,31,0,5,0,26,0,0,5,29
2021년 03월 3주,35,26,33,30,0,5,0,26,0,0,5,28
2021년 03월 4주,34,27,35,28,0,6,0,27,0,0,6,29
2021년 03월 5주,37,29,29,33,0,4,0,29,0,0,4,25
2021년 04월 1주,38,28,30,32,0,6,0,28,0,0,4,26
2021년 04월 2주,35,29,34,30,0,5,0,29,0,0,6,28
2021년 04월 3주,34,27,36,30,0,4,0,27,0,0,5,31
2021년 04월 4주,34,26,36,28,0,6,0,26,0,0,6,30
2021년 05월 1주,35,29,31,29,0,6,0,29,0,0,4,27
2021년 05월 2주,34,27,29,28,0,6,0,27,0,0,0,29
2021년 05월 3주,39,23,36,31,0,4,4,23,0,0,5,31
2021년 05월 4주,35,26,34,30,0,5,0,26,0,0,5,29
2021년 06월 1주,37,28,27,31,0,6,0,28,0,0,0,27
2021년 06월 2주,31,30,34,27,0,4,0,30,0,0,5,29
2021년 06월 3주,33,32,32,29,0,4,0,32,0,0,4,28
2021년 06월 4주,40,30,28,32,0,4,4,30,0,0,3,25
2021년 06월 5주,39,29,26,35,0,4,0,29,0,0,0,26
2021년 07월 1주,36,28,27,30,0,6,0,28,0,0,0,27
2021년 07월 2주,33,30,30,33,0,0,0,30,0,0,5,25
2021년 07월 3주,37,28,29,33,0,4,0,28,0,0,4,25
2021년 07월 4주,34,29,29,30,0,4,0,29,0,0,0,29
2021년 08월 1주,39,30,26,31,0,4,4,30,0,0,0,26
2021년 08월 2주,32,30,31,32,0,0,0,30,0,0,5,26
2021년 08월 3주,36,30,28,32,0,4,0,30,0,0,0,28
2021년 08월 4주,30,27,36,30,0,0,0,27,0,0,4,32
2021년 09월 1주,35,29,28,31,0,4,0,29,0,0,0,28
2021년 09월 2주,42,30,23,34,0,4,4,30,0,0,0,23
2021년 09월 3주,40,32,21,34,0,6,0,32,0,0,0,21
2021년 09월 5주,36,31,30,32,0,4,0,31,0,0,4,26
2021년 10월 1주,38,31,27,34,0,4,0,31,0,0,3,24
2021년 10월 2주,38,35,21,34,0,4,0,35,0,0,0,21
2021년 10월 3주,37,35,24,34,0,0,3,35,0,0,3,21
2021년 10월 4주,40,31,25,35,0,5,0,31,0,0,0,25
2021년 11월 1주,32,38,23,27,0,5,0,38,0,0,0,23
2021년 11월 2주,37,39,17,31,0,6,0,39,0,0,0,17
2021년 11월 3주,38,36,20,33,0,5,0,36,0,0,0,20
2021년 11월 4주,35,35,28,32,0,3,0,35,0,0,3,25
2021년 12월 1주,36,32,29,32,0,4,0,32,0,0,3,26
2021년 12월 2주,42,35,22,34,0,4,4,35,0,0,3,19
2021년 12월 4주,40,28,31,33,0,4,3,28,0,0,5,26
2021년 12월 5주,45,30,25,36,0,5,4,30,0,0,4,21
2022년 01월 1주,40,31,28,34,0,3,3,31,0,0,5,23
2022년 01월 2주,41,30,28,35,0,4,2,30,0,0,8,20
2022년 01월 3주,40,32,28,36,0,4,0,32,0,0,7,21
2022년 01월 4주,37,34,27,34,0,3,0,34,0,0,6,21
2022년 02월 2주,38,34,27,33,0,5,0,34,0,0,6,21
2022년 02월 3주,37,38,24,33,0,4,0,38,0,0,6,18
2022년 02월 4주,41,37,20,38,0,3,0,37,0,0,6,14
2022년 03월 1주,40,35,24,35,0,5,0,35,0,0,5,19
2022년 04월 2주,37,36,25,32,0,5,0,36,0,0,3,22
2022년 04월 4주,41,35,24,34,0,7,0,35,0,0,4,20
2022년 05월 1주,35,41,21,30,0,5,0,41,0,0,0,21
2022년 05월 3주,36,42,22,30,0,6,0,42,0,0,0,22
2022년 06월 1주,32,48,20,27,0,5,0,48,0,0,0,20
2022년 06월 3주,34,43,23,29,0,5,0,43,0,0,0,23
2022년 06월 5주,32,40,28,26,0,6,0,40,0,0,0,28
2022년 07월 2주,33,37,29,28,0,5,0,37,0,0,0,29
2022년 07월 4주,33,39,25,29,0,4,0,39,0,0,0,25
2022년 08월 2주,39,37,24,33,0,6,0,37,0,0,0,24
2022년 08월 4주,37,34,28,31,0,6,0,34,0,0,0,28
2022년 09월 2주,35,33,30,31,0,4,0,33,0,0,0,30
2022년 09월 4주,35,34,30,29,0,6,0,34,0,0,0,30
2022년 10월 1주,37,34,27,32,0,5,0,34,0,0,0,27
2022년 10월 3주,37,35,27,32,0,5,0,35,0,0,0,27
2022년 11월 1주,35,33,30,31,0,4,0,33,0,0,0,30
2022년 11월 3주,37,30,32,33,0,4,0,30,0,0,0,32
2022년 11월 5주,38,32,28,34,0,4,0,32,0,0,0,28
2022년 12월 3주,35,36,26,30,0,5,0,36,0,0,0,26
2022년 12월 5주,33,32,34,28,0,5,0,32,0,0,0,34
2023년 01월 2주,32,35,31,27,0,5,0,35,0,0,0,31
2023년 01월 5주,33,36,29,29,0,4,0,36,0,0,0,29
2023년 02월 3주,32,39,28,26,0,6,0,39,0,0,0,28
2023년 03월 1주,30,39,29,27,0,3,0,39,0,0,0,29
2023년 03월 3주,35,34,29,30,0,5,0,34,0,0,0,29
2023년 03월 5주,35,34,29,31,0,4,0,34,0,0,0,29
2023년 04월 2주,33,33,31,28,0,5,0,33,0,0,0,31
2023년 04월 4주,34,31,34,30,0,4,0,31,0,0,0,34
2023년 05월 2주,34,32,32,29,0,5,0,32,0,0,0,32
2023년 05월 4주,33,34,30,27,0,6,0,34,0,0,0,30
2023년 06월 2주,30,31,35,26,0,4,0,31,0,0,0,35
2023년 06월 4주,30,35,32,25,0,5,0,35,0,0,0,32
2023년 07월 1주,32,34,32,28,0,4,0,34,0,0,0,32
2023년 07월 3주,28,30,39,23,0,5,0,30,0,0,0,39
2023년 08월 1주,28,32,38,23,0,5,0,32,0,0,0,38
2023년 08월 3주,29,34,35,23,0,6,0,34,0,0,0,35
2023년 08월 5주,33,32,33,28,0,5,0,32,0,0,0,33
2023년 09월 2주,29,32,35,26,0,3,0,32,0,0,0,35
2023년 09월 4주,32,33,31,27,0,5,0,33,0,0,0,31
2023년 10월 2주,33,31,32,29,0,4,0,31,0,0,0,32
2023년 10월 4주,34,30,33,31,0,3,0,30,0,0,0,33
2023년 11월 2주,31,31,34,28,0,3,0,31,0,0,0,34
2023년 11월 4주,31,34,30,27,0,4,0,34,0,0,0,30
2023년 12월 1주,34,34,29,31,0,3,0,34,0,0,0,29
2023년 12월 3주,34,30,33,29,0,5,0,30,0,0,0,33
2024년 01월 2주,36,30,29,33,0,3,0,30,0,0,0,29
2024년 01월 4주,32,33,26,30,0,2,0,33,0,0,0,26
2024년 02월 2주,33,37,23,30,0,3,0,37,0,0,0,23
2024년 02월 4주,32,39,27,31,0,1,0,39,3,0,0,24
2024년 03월 1주,31,37,25,29,0,2,0,37,3,2,0,20
2024년 03월 3주,39,34,21,29,10,0,0,34,0,0,0,21
2024년 04월 1주,39,39,16,29,10,0,0,39,0,0,0,16
2024년 04월 3주,45,32,16,32,13,0,0,32,0,0,0,16
2024년 05월 1주,44,31,23,29,12,2,1,31,4,1,0,18
2024년 05월 3주,41,31,27,27,12,2,0,31,4,1,0,22
2024년 05월 5주,41,30,28,27,12,1,1,30,3,1,0,24
2024년 06월 2주,40,29,28,26,13,0,1,29,5,0,0,23
2024년 06월 4주,39,29,31,25,13,0,1,29,4,0,0,27
2024년 07월 2주,40,30,29,27,12,0,1,30,5,0,0,24
2024년 07월 4주,35,36,25,25,9,0,1,36,3,0,0,22
2024년 08월 2주,35,32,32,24,10,0,1,32,3,0,0,29
2024년 08월 4주,39,31,28,29,9,0,1,31,2,0,0,26
2024년 09월 1주,39,27,32,26,12,0,1,27,4,0,0,28
2024년 09월 4주,39,28,31,26,12,0,1,28,4,0,0,27
2024년 10월 2주,40,27,32,28,11,0,1,27,2,0,0,30
2024년 10월 4주,39,28,32,30,8,0,1,28,3,0,0,29
2024년 11월 1주,44,29,26,31,11,0,2,29,3,0,0,23
2024년 11월 3주,41,30,27,31,9,0,1,30,3,0,0,24
2024년 12월 3주,48,26,26,39,8,0,1,26,2,0,0,24
2025년 01월 2주,44,32,22,36,7,0,1,32,3,0,0,19
2025년 01월 3주,42,35,20,33,8,0,1,35,3,0,0,17
2025년 01월 4주,42,38,19,36,5,0,1,38,2,0,0,17
2025년 02월 1주,41,39,17,37,4,0,0,39,2,0,0,15
2025년 02월 2주,43,37,19,36,6,0,1,37,2,0,0,17
2025년 02월 3주,42,37,20,34,7,0,1,37,3,0,0,17
2025년 02월 4주,41,37,21,34,6,0,1,37,2,0,0,19
2025년 03월 1주,42,34,22,35,6,0,1,34,2,0,0,20
2025년 03월 2주,41,38,21,36,5,0,0,38,2,0,0,19
2025년 03월 3주,46,32,20,38,7,0,1,32,1,0,0,19
2025년 03월 4주,44,36,20,36,7,0,1,36,3,0,0,17
2025년 04월 1주,44,33,21,37,6,0,1,33,2,0,0,19
2025년 04월 2주,41,33,21,34,6,0,1,33,2,0,0,19
2025년 04월 3주,45,30,22,37,7,0,1,30,3,0,0,19
2025년 04월 4주,44,35,20,38,5,0,1,35,2,0,0,18
2025년 05월 1주,46,34,20,39,6,0,1,34,3,0,0,17
2025년 05월 2주,44,34,20,38,5,0,1,34,4,0,0,16
2025년 05월 3주,48,28,23,42,5,0,1,28,4,0,0,19
2025년 05월 4주,46,31,22,40,5,0,1,31,5,0,0,17
2025년 06월 2주,50,23,25,45,3,0,2,23,6,0,0,19
2025년 06월 4주,50,20,28,45,4,0,1,20,5,0,0,23
2025년 07월 2주,49,19,30,45,3,0,1,19,5,0,0,25
2025년 07월 4주,48,17,33,43,4,0,1,17,4,0,0,29
2025년 08월 1주,48,16,33,44,3,0,1,16,3,0,0,30
2025년 08월 3주,46,19,34,40,4,0,2,19,4,0,0,30
2025년 09월 1주,49,20,30,43,5,0,1,20,4,0,0,26
2025년 09월 3주,44,22,32,41,2,0,1,22,3,0,0,29
2025년 10월 1주,45,22,33,41,3,0,1,22,3,0,0,30
2025년 10월 3주,43,23,33,39,3,0,1,23,4,0,0,29
2025년 10월 5주,43,25,28,39,3,0,1,25,3,0,0,25
2025년 11월 2주,47,21,30,42,4,0,1,21,3,0,0,27
2025년 11월 4주,44,22,34,39,3,0,2,22,2,0,0,32
2025년 12월 2주,49,20,30,44,4,0,1,20,3,0,0,27
2025년 12월 4주,44,20,34,41,3,0,0,20,4,0,0,30
2026년 01월 2주,43,23,33,39,3,0,1,23,3,0,0,30
2026년 01월 4주,43,20,35,40,3,0,0,20,3,0,0,32
2026년 02월 1주,45,22,32,41,3,0,1,22,3,0,0,29
2026년 02월 4주,50,17,30,45,4,0,1,17,3,0,0,27
2026년 03월 2주,47,17,35,43,3,0,1,17,2,0,0,33
2026년 03월 4주,49,18,32,46,2,0,1,18,2,0,0,30
2026년 04월 2주,50,18,30,47,2,0,1,18,3,0,0,27
2026년 04월 4주,52,15,31,48,2,0,2,15,2,0,0,29
2026년 05월 1주,50,18,31,46,3,0,1,18,2,0,0,29
